stId,name,FDR,entities_found,entities_tot,reactions_found,reactions_tot,token
R-HSA-72187,mRNA 3'-end processing,0.021833879987323,5,164,14,21,MjAyNjA5MTMxMzA4MzVfMjMxMjY%3D
R-HSA-9918481,Dengue Virus-Host Interactions,0.021833879987323,6,273,3,59,MjAyNjA5MTMxMzA4MzVfMjMxMjY%3D
R-HSA-72163,mRNA Splicing - Major Pathway,0.02214157712800713,5,213,10,11,MjAyNjA5MTMxMzA4MzVfMjMxMjY%3D
R-HSA-72172,mRNA Splicing,0.02214157712800713,5,224,10,16,MjAyNjA5MTMxMzA4MzVfMjMxMjY%3D
R-HSA-72203,Processing of Capped Intron-Containing Pre-mRNA,0.02214157712800713,6,317,29,52,MjAyNjA5MTMxMzA4MzVfMjMxMjY%3D
R-HSA-112382,Formation of RNA Pol II elongation complex ,0.02214157712800713,3,60,1,2,MjAyNjA5MTMxMzA4MzVfMjMxMjY%3D
R-HSA-75955,RNA Polymerase II Transcription Elongation,0.02214157712800713,3,61,4,8,MjAyNjA5MTMxMzA4MzVfMjMxMjY%3D
R-HSA-8953854,Metabolism of RNA,0.02214157712800713,9,863,36,244,MjAyNjA5MTMxMzA4MzVfMjMxMjY%3D
R-HSA-75153,Apoptotic execution phase,0.02214157712800713,3,54,4,57,MjAyNjA5MTMxMzA4MzVfMjMxMjY%3D
R-HSA-9824446,Viral Infection Pathways,0.02214157712800713,12,1407,43,899,MjAyNjA5MTMxMzA4MzVfMjMxMjY%3D
R-HSA-9920588,Dengue virus activates/modulates innate and adaptive immune responses,0.02214157712800713,3,40,2,23,MjAyNjA5MTMxMzA4MzVfMjMxMjY%3D
R-HSA-4839726,Chromatin organization,0.02338776156227418,6,389,5,150,MjAyNjA5MTMxMzA4MzVfMjMxMjY%3D
R-HSA-9839923,Dengue Virus Infection,0.025821377129384704,6,411,3,142,MjAyNjA5MTMxMzA4MzVfMjMxMjY%3D
R-HSA-2559584,Formation of Senescence-Associated Heterochromatin Foci (SAHF),0.025821377129384704,2,17,1,2,MjAyNjA5MTMxMzA4MzVfMjMxMjY%3D
R-HSA-9937848,CHD chromatin remodelers,0.027516664263430246,4,165,3,44,MjAyNjA5MTMxMzA4MzVfMjMxMjY%3D
R-HSA-9943411,CHD1 and CHD2 subfamily,0.029292863511342082,3,78,1,5,MjAyNjA5MTMxMzA4MzVfMjMxMjY%3D
R-HSA-674695,RNA Polymerase II Pre-transcription Events,0.03299231372328293,3,83,7,17,MjAyNjA5MTMxMzA4MzVfMjMxMjY%3D
R-HSA-4419969,Depolymerization of the Nuclear Lamina,0.03461915641249114,2,23,2,6,MjAyNjA5MTMxMzA4MzVfMjMxMjY%3D
R-HSA-9932444,ATP-dependent chromatin remodelers,0.04046647897002875,4,196,3,65,MjAyNjA5MTMxMzA4MzVfMjMxMjY%3D
R-HSA-2995383,Initiation of Nuclear Envelope (NE) Reformation,0.04143181080715386,2,27,1,7,MjAyNjA5MTMxMzA4MzVfMjMxMjY%3D
R-HSA-9703465,Signaling by FLT3 fusion proteins,0.05353614960654207,2,32,11,18,MjAyNjA5MTMxMzA4MzVfMjMxMjY%3D
R-HSA-9692914,SARS-CoV-1-host interactions,0.0713767383956947,3,124,4,50,MjAyNjA5MTMxMzA4MzVfMjMxMjY%3D
R-HSA-111465,Apoptotic cleavage of cellular proteins,0.0713767383956947,2,38,2,38,MjAyNjA5MTMxMzA4MzVfMjMxMjY%3D
R-HSA-9682385,FLT3 signaling in disease,0.08741219772743047,2,43,11,52,MjAyNjA5MTMxMzA4MzVfMjMxMjY%3D
R-HSA-9770562,mRNA Polyadenylation,0.08936926151874902,3,139,13,20,MjAyNjA5MTMxMzA4MzVfMjMxMjY%3D
R-HSA-352238,Breakdown of the nuclear lamina,0.09704927145818876,1,3,1,3,MjAyNjA5MTMxMzA4MzVfMjMxMjY%3D
R-HSA-5663205,Infectious disease,0.10311652279159644,12,1965,43,1227,MjAyNjA5MTMxMzA4MzVfMjMxMjY%3D
R-HSA-9012999,RHO GTPase cycle,0.11328456427512457,5,460,30,91,MjAyNjA5MTMxMzA4MzVfMjMxMjY%3D
R-HSA-9013409,RHOJ GTPase cycle,0.11356856901924317,2,59,2,3,MjAyNjA5MTMxMzA4MzVfMjMxMjY%3D
R-HSA-3214815,HDACs deacetylate histones,0.11356856901924317,2,63,2,5,MjAyNjA5MTMxMzA4MzVfMjMxMjY%3D
R-HSA-9013406,RHOQ GTPase cycle,0.11356856901924317,2,63,2,5,MjAyNjA5MTMxMzA4MzVfMjMxMjY%3D
R-HSA-2980766,Nuclear Envelope Breakdown,0.11356856901924317,2,65,3,13,MjAyNjA5MTMxMzA4MzVfMjMxMjY%3D
R-HSA-9013405,RHOD GTPase cycle,0.11356856901924317,2,57,2,9,MjAyNjA5MTMxMzA4MzVfMjMxMjY%3D
R-HSA-8866654,E3 ubiquitin ligases ubiquitinate target proteins,0.11356856901924317,2,60,2,16,MjAyNjA5MTMxMzA4MzVfMjMxMjY%3D
R-HSA-9938024,Somatic hypermutation of immunoglobulin genes,0.11356856901924317,3,178,2,28,MjAyNjA5MTMxMzA4MzVfMjMxMjY%3D
R-HSA-1643685,Disease,0.11356856901924317,16,3093,104,2176,MjAyNjA5MTMxMzA4MzVfMjMxMjY%3D
R-HSA-109581,Apoptosis,0.11356856901924317,3,180,4,142,MjAyNjA5MTMxMzA4MzVfMjMxMjY%3D
R-HSA-2559586,DNA Damage/Telomere Stress Induced Senescence,0.12174728619324027,2,70,1,18,MjAyNjA5MTMxMzA4MzVfMjMxMjY%3D
R-HSA-1640170,Cell Cycle,0.12174728619324027,6,729,25,474,MjAyNjA5MTMxMzA4MzVfMjMxMjY%3D
R-HSA-2995410,Nuclear Envelope (NE) Reassembly,0.12174728619324027,2,88,1,24,MjAyNjA5MTMxMzA4MzVfMjMxMjY%3D
R-HSA-9678108,SARS-CoV-1 Infection,0.12174728619324027,3,199,4,161,MjAyNjA5MTMxMzA4MzVfMjMxMjY%3D
R-HSA-5357801,Programmed Cell Death,0.12174728619324027,3,225,4,194,MjAyNjA5MTMxMzA4MzVfMjMxMjY%3D
R-HSA-9679506,SARS-CoV Infections,0.12174728619324027,5,580,7,404,MjAyNjA5MTMxMzA4MzVfMjMxMjY%3D
R-HSA-427413,NoRC negatively regulates rRNA expression,0.12174728619324027,2,79,3,7,MjAyNjA5MTMxMzA4MzVfMjMxMjY%3D
R-HSA-175567,Integration of viral DNA into host genomic DNA,0.12174728619324027,1,9,1,3,MjAyNjA5MTMxMzA4MzVfMjMxMjY%3D
R-HSA-9013026,RHOB GTPase cycle,0.12174728619324027,2,75,2,6,MjAyNjA5MTMxMzA4MzVfMjMxMjY%3D
R-HSA-9013408,RHOG GTPase cycle,0.12174728619324027,2,78,2,6,MjAyNjA5MTMxMzA4MzVfMjMxMjY%3D
R-HSA-72202,Transport of Mature Transcript to Cytoplasm,0.12174728619324027,2,90,4,13,MjAyNjA5MTMxMzA4MzVfMjMxMjY%3D
R-HSA-6790901,rRNA modification in the nucleus and cytosol,0.12174728619324027,2,71,2,8,MjAyNjA5MTMxMzA4MzVfMjMxMjY%3D
R-HSA-5250941,Negative epigenetic regulation of rRNA expression,0.12174728619324027,2,88,3,12,MjAyNjA5MTMxMzA4MzVfMjMxMjY%3D
R-HSA-9013404,RAC2 GTPase cycle,0.12174728619324027,2,92,2,10,MjAyNjA5MTMxMzA4MzVfMjMxMjY%3D
R-HSA-8852135,Protein ubiquitination,0.12174728619324027,2,83,2,32,MjAyNjA5MTMxMzA4MzVfMjMxMjY%3D
R-HSA-212165,Epigenetic regulation of gene expression,0.12174728619324027,4,345,7,118,MjAyNjA5MTMxMzA4MzVfMjMxMjY%3D
R-HSA-9673768,Signaling by membrane-tethered fusions of PDGFRA or PDGFRB,0.12174728619324027,1,7,2,2,MjAyNjA5MTMxMzA4MzVfMjMxMjY%3D
R-HSA-8869496,TFAP2A acts as a transcriptional repressor during retinoic acid induced cell differentiation,0.12174728619324027,1,9,7,7,MjAyNjA5MTMxMzA4MzVfMjMxMjY%3D
R-HSA-177539,Autointegration results in viral DNA circles,0.12174728619324027,1,9,2,2,MjAyNjA5MTMxMzA4MzVfMjMxMjY%3D
R-HSA-159236,Transport of Mature mRNA derived from an Intron-Containing Transcript,0.12174728619324027,2,81,4,4,MjAyNjA5MTMxMzA4MzVfMjMxMjY%3D
R-HSA-5250913,Positive epigenetic regulation of rRNA expression,0.12174728619324027,2,79,4,7,MjAyNjA5MTMxMzA4MzVfMjMxMjY%3D
R-HSA-114516,Disinhibition of SNARE formation,0.12174728619324027,1,10,1,2,MjAyNjA5MTMxMzA4MzVfMjMxMjY%3D
R-HSA-9938026,Immunoglobulin maturation,0.12691521042820142,4,406,3,40,MjAyNjA5MTMxMzA4MzVfMjMxMjY%3D
R-HSA-9938027,Affinity selection of immunoglobulins,0.12691521042820142,4,406,3,40,MjAyNjA5MTMxMzA4MzVfMjMxMjY%3D
R-HSA-446107,Type I hemidesmosome assembly,0.12791527038430095,1,11,6,6,MjAyNjA5MTMxMzA4MzVfMjMxMjY%3D
R-HSA-9825895,"Regulation of MITF-M-dependent genes involved in DNA replication, damage repair and senescence",0.12791527038430095,1,11,1,10,MjAyNjA5MTMxMzA4MzVfMjMxMjY%3D
R-HSA-9700645,ALK mutants bind TKIs,0.1300722276062003,1,12,1,1,MjAyNjA5MTMxMzA4MzVfMjMxMjY%3D
R-HSA-162592,Integration of provirus,0.1300722276062003,1,15,10,14,MjAyNjA5MTMxMzA4MzVfMjMxMjY%3D
R-HSA-176974,Unwinding of DNA,0.1300722276062003,1,12,2,4,MjAyNjA5MTMxMzA4MzVfMjMxMjY%3D
R-HSA-428359,Insulin-like Growth Factor-2 mRNA Binding Proteins (IGF2BPs/IMPs/VICKZs) bind RNA,0.1300722276062003,1,13,1,3,MjAyNjA5MTMxMzA4MzVfMjMxMjY%3D
R-HSA-164843,2-LTR circle formation,0.1300722276062003,1,13,1,3,MjAyNjA5MTMxMzA4MzVfMjMxMjY%3D
R-HSA-416550,Sema4D mediated inhibition of cell attachment and migration,0.1300722276062003,1,15,2,6,MjAyNjA5MTMxMzA4MzVfMjMxMjY%3D
R-HSA-180689,APOBEC3G mediated resistance to HIV-1 infection,0.1300722276062003,1,15,1,3,MjAyNjA5MTMxMzA4MzVfMjMxMjY%3D
R-HSA-9013423,RAC3 GTPase cycle,0.1300722276062003,2,100,2,6,MjAyNjA5MTMxMzA4MzVfMjMxMjY%3D
R-HSA-428540,Activation of RAC1,0.1300722276062003,1,15,1,4,MjAyNjA5MTMxMzA4MzVfMjMxMjY%3D
R-HSA-68884,Mitotic Telophase/Cytokinesis,0.1300722276062003,1,15,1,4,MjAyNjA5MTMxMzA4MzVfMjMxMjY%3D
R-HSA-162906,HIV Infection,0.1300722276062003,3,248,33,160,MjAyNjA5MTMxMzA4MzVfMjMxMjY%3D
R-HSA-140342,Apoptosis induced DNA fragmentation,0.1300722276062003,1,13,2,12,MjAyNjA5MTMxMzA4MzVfMjMxMjY%3D
R-HSA-264870,Caspase-mediated cleavage of cytoskeletal proteins,0.1300722276062003,1,12,1,10,MjAyNjA5MTMxMzA4MzVfMjMxMjY%3D
R-HSA-9696273,RND1 GTPase cycle,0.1349328879781302,1,43,1,2,MjAyNjA5MTMxMzA4MzVfMjMxMjY%3D
R-HSA-9696270,RND2 GTPase cycle,0.1349328879781302,1,44,1,2,MjAyNjA5MTMxMzA4MzVfMjMxMjY%3D
R-HSA-167246,Tat-mediated elongation of the HIV-1 transcript,0.1349328879781302,1,47,4,8,MjAyNjA5MTMxMzA4MzVfMjMxMjY%3D
R-HSA-176033,Interactions of Vpr with host cellular proteins,0.1349328879781302,1,47,2,4,MjAyNjA5MTMxMzA4MzVfMjMxMjY%3D
R-HSA-180910,Vpr-mediated nuclear import of PICs,0.1349328879781302,1,44,2,2,MjAyNjA5MTMxMzA4MzVfMjMxMjY%3D
R-HSA-68962,Activation of the pre-replicative complex,0.1349328879781302,1,36,8,9,MjAyNjA5MTMxMzA4MzVfMjMxMjY%3D
R-HSA-6803529,FGFR2 alternative splicing,0.1349328879781302,1,28,3,4,MjAyNjA5MTMxMzA4MzVfMjMxMjY%3D
R-HSA-180746,Nuclear import of Rev protein,0.1349328879781302,1,41,5,7,MjAyNjA5MTMxMzA4MzVfMjMxMjY%3D
R-HSA-6791226,Major pathway of rRNA processing in the nucleolus and cytosol,0.1349328879781302,2,189,4,7,MjAyNjA5MTMxMzA4MzVfMjMxMjY%3D
R-HSA-9013418,RHOBTB2 GTPase cycle,0.1349328879781302,1,24,1,2,MjAyNjA5MTMxMzA4MzVfMjMxMjY%3D
R-HSA-9013422,RHOBTB1 GTPase cycle,0.1349328879781302,1,24,1,2,MjAyNjA5MTMxMzA4MzVfMjMxMjY%3D
R-HSA-9940465,ChAHP complex assembly,0.1349328879781302,1,32,2,4,MjAyNjA5MTMxMzA4MzVfMjMxMjY%3D
R-HSA-9706574,RHOBTB GTPase Cycle,0.1349328879781302,1,36,2,4,MjAyNjA5MTMxMzA4MzVfMjMxMjY%3D
R-HSA-9013424,RHOV GTPase cycle,0.1349328879781302,1,39,1,2,MjAyNjA5MTMxMzA4MzVfMjMxMjY%3D
R-HSA-390471,Association of TriC/CCT with target proteins during biosynthesis,0.1349328879781302,1,40,1,2,MjAyNjA5MTMxMzA4MzVfMjMxMjY%3D
R-HSA-9696264,RND3 GTPase cycle,0.1349328879781302,1,43,1,2,MjAyNjA5MTMxMzA4MzVfMjMxMjY%3D
R-HSA-5655302,Signaling by FGFR1 in disease,0.1349328879781302,1,49,9,35,MjAyNjA5MTMxMzA4MzVfMjMxMjY%3D
R-HSA-162594,Early Phase of HIV Life Cycle,0.1349328879781302,1,26,10,39,MjAyNjA5MTMxMzA4MzVfMjMxMjY%3D
R-HSA-9013420,RHOU GTPase cycle,0.1349328879781302,1,44,1,4,MjAyNjA5MTMxMzA4MzVfMjMxMjY%3D
R-HSA-427389,ERCC6 (CSB) and EHMT2 (G9a) positively regulate rRNA expression,0.1349328879781302,1,47,1,4,MjAyNjA5MTMxMzA4MzVfMjMxMjY%3D
R-HSA-8953750,Transcriptional Regulation by E2F6,0.1349328879781302,1,46,8,33,MjAyNjA5MTMxMzA4MzVfMjMxMjY%3D
R-HSA-1839124,FGFR1 mutant receptor activation,0.1349328879781302,1,39,6,25,MjAyNjA5MTMxMzA4MzVfMjMxMjY%3D
R-HSA-176187,Activation of ATR in response to replication stress,0.1349328879781302,1,39,2,9,MjAyNjA5MTMxMzA4MzVfMjMxMjY%3D
R-HSA-162587,HIV Life Cycle,0.1349328879781302,2,176,25,117,MjAyNjA5MTMxMzA4MzVfMjMxMjY%3D
R-HSA-171319,Telomere Extension By Telomerase,0.1349328879781302,1,34,2,10,MjAyNjA5MTMxMzA4MzVfMjMxMjY%3D
R-HSA-167200,Formation of HIV-1 elongation complex containing HIV-1 Tat,0.1349328879781302,1,46,1,5,MjAyNjA5MTMxMzA4MzVfMjMxMjY%3D
R-HSA-9845576,Glycosphingolipid transport,0.1349328879781302,1,43,1,6,MjAyNjA5MTMxMzA4MzVfMjMxMjY%3D
R-HSA-400685,Sema4D in semaphorin signaling,0.1349328879781302,1,31,2,13,MjAyNjA5MTMxMzA4MzVfMjMxMjY%3D
R-HSA-162909,Host Interactions of HIV factors,0.1349328879781302,2,138,8,54,MjAyNjA5MTMxMzA4MzVfMjMxMjY%3D
R-HSA-194315,Signaling by Rho GTPases,0.1349328879781302,5,708,30,203,MjAyNjA5MTMxMzA4MzVfMjMxMjY%3D
R-HSA-76005,Response to elevated platelet cytosolic Ca2+,0.1349328879781302,2,149,2,14,MjAyNjA5MTMxMzA4MzVfMjMxMjY%3D
R-HSA-9716542,"Signaling by Rho GTPases, Miro GTPases and RHOBTB3",0.1349328879781302,5,724,30,212,MjAyNjA5MTMxMzA4MzVfMjMxMjY%3D
R-HSA-69190,DNA strand elongation,0.1349328879781302,1,38,2,15,MjAyNjA5MTMxMzA4MzVfMjMxMjY%3D
R-HSA-73886,Chromosome Maintenance,0.1349328879781302,2,135,5,38,MjAyNjA5MTMxMzA4MzVfMjMxMjY%3D
R-HSA-5663202,Diseases of signal transduction by growth factor receptors and second messengers,0.1349328879781302,4,536,60,516,MjAyNjA5MTMxMzA4MzVfMjMxMjY%3D
R-HSA-68875,Mitotic Prophase,0.1349328879781302,2,134,3,34,MjAyNjA5MTMxMzA4MzVfMjMxMjY%3D
R-HSA-167152,Formation of HIV elongation complex in the absence of HIV Tat,0.1349328879781302,1,47,1,2,MjAyNjA5MTMxMzA4MzVfMjMxMjY%3D
R-HSA-8849471,"PTK6 Regulates RHO GTPases, RAS GTPase and MAP kinases",0.1349328879781302,1,20,6,13,MjAyNjA5MTMxMzA4MzVfMjMxMjY%3D
R-HSA-1839117,Signaling by cytosolic FGFR1 fusion mutants,0.1349328879781302,1,23,6,14,MjAyNjA5MTMxMzA4MzVfMjMxMjY%3D
R-HSA-8868773,rRNA processing in the nucleus and cytosol,0.1349328879781302,2,207,6,15,MjAyNjA5MTMxMzA4MzVfMjMxMjY%3D
R-HSA-9013407,RHOH GTPase cycle,0.1349328879781302,1,38,1,3,MjAyNjA5MTMxMzA4MzVfMjMxMjY%3D
R-HSA-9735869,SARS-CoV-1 modulates host translation machinery,0.1349328879781302,1,41,1,3,MjAyNjA5MTMxMzA4MzVfMjMxMjY%3D
R-HSA-9035034,RHOF GTPase cycle,0.1349328879781302,1,46,1,3,MjAyNjA5MTMxMzA4MzVfMjMxMjY%3D
R-HSA-8980692,RHOA GTPase cycle,0.1349328879781302,2,154,2,6,MjAyNjA5MTMxMzA4MzVfMjMxMjY%3D
R-HSA-9013148,CDC42 GTPase cycle,0.1349328879781302,2,159,2,6,MjAyNjA5MTMxMzA4MzVfMjMxMjY%3D
R-HSA-9013149,RAC1 GTPase cycle,0.1349328879781302,2,191,2,6,MjAyNjA5MTMxMzA4MzVfMjMxMjY%3D
R-HSA-177243,Interactions of Rev with host cellular proteins,0.1349328879781302,1,47,5,16,MjAyNjA5MTMxMzA4MzVfMjMxMjY%3D
R-HSA-167169,HIV Transcription Elongation,0.1349328879781302,1,47,4,15,MjAyNjA5MTMxMzA4MzVfMjMxMjY%3D
R-HSA-167243,Tat-mediated HIV elongation arrest and recovery,0.1349328879781302,1,33,3,3,MjAyNjA5MTMxMzA4MzVfMjMxMjY%3D
R-HSA-167238,Pausing and recovery of Tat-mediated HIV elongation,0.1349328879781302,1,33,2,2,MjAyNjA5MTMxMzA4MzVfMjMxMjY%3D
R-HSA-167287,HIV elongation arrest and recovery,0.1349328879781302,1,34,3,3,MjAyNjA5MTMxMzA4MzVfMjMxMjY%3D
R-HSA-167290,Pausing and recovery of HIV elongation,0.1349328879781302,1,34,2,2,MjAyNjA5MTMxMzA4MzVfMjMxMjY%3D
R-HSA-69278,"Cell Cycle, Mitotic",0.1349328879781302,4,587,17,367,MjAyNjA5MTMxMzA4MzVfMjMxMjY%3D
R-HSA-2559583,Cellular Senescence,0.1349328879781302,2,199,1,90,MjAyNjA5MTMxMzA4MzVfMjMxMjY%3D
R-HSA-9679191,Potential therapeutics for SARS,0.1349328879781302,2,168,1,36,MjAyNjA5MTMxMzA4MzVfMjMxMjY%3D
R-HSA-74160,Gene expression (Transcription),0.1349328879781302,9,1922,46,1139,MjAyNjA5MTMxMzA4MzVfMjMxMjY%3D
R-HSA-9734009,Defective Intrinsic Pathway for Apoptosis,0.1349328879781302,1,33,1,24,MjAyNjA5MTMxMzA4MzVfMjMxMjY%3D
R-HSA-5205647,Mitophagy,0.1349328879781302,1,41,1,23,MjAyNjA5MTMxMzA4MzVfMjMxMjY%3D
R-HSA-8863678,Neurodegenerative Diseases,0.1349328879781302,1,30,1,22,MjAyNjA5MTMxMzA4MzVfMjMxMjY%3D
R-HSA-8862803,Deregulated CDK5 triggers multiple neurodegenerative pathways in Alzheimer's disease models,0.1349328879781302,1,30,1,22,MjAyNjA5MTMxMzA4MzVfMjMxMjY%3D
R-HSA-5205685,PINK1-PRKN Mediated Mitophagy,0.1349328879781302,1,34,1,16,MjAyNjA5MTMxMzA4MzVfMjMxMjY%3D
R-HSA-5689880,Ub-specific processing proteases,0.1349328879781302,2,192,2,40,MjAyNjA5MTMxMzA4MzVfMjMxMjY%3D
R-HSA-68886,M Phase,0.1349328879781302,3,403,5,96,MjAyNjA5MTMxMzA4MzVfMjMxMjY%3D
R-HSA-449836,Other interleukin signaling,0.1349328879781302,1,24,1,17,MjAyNjA5MTMxMzA4MzVfMjMxMjY%3D
R-HSA-3899300,SUMOylation of transcription cofactors,0.1349328879781302,1,44,2,27,MjAyNjA5MTMxMzA4MzVfMjMxMjY%3D
R-HSA-6804115,TP53 regulates transcription of additional cell cycle genes whose exact role in the p53 pathway remain uncertain,0.1349328879781302,1,28,1,14,MjAyNjA5MTMxMzA4MzVfMjMxMjY%3D
R-HSA-9671555,Signaling by PDGFR in disease,0.1349328879781302,1,27,2,24,MjAyNjA5MTMxMzA4MzVfMjMxMjY%3D
R-HSA-8864260,Transcriptional regulation by the AP-2 (TFAP2) family of transcription factors,0.14258806376302613,1,52,7,44,MjAyNjA5MTMxMzA4MzVfMjMxMjY%3D
R-HSA-606279,Deposition of new CENPA-containing nucleosomes at the centromere,0.14512501817091694,1,53,3,4,MjAyNjA5MTMxMzA4MzVfMjMxMjY%3D
R-HSA-774815,Nucleosome assembly,0.14512501817091694,1,53,3,4,MjAyNjA5MTMxMzA4MzVfMjMxMjY%3D
R-HSA-9725371,Nuclear events stimulated by ALK signaling in cancer,0.1526918614834859,1,56,11,32,MjAyNjA5MTMxMzA4MzVfMjMxMjY%3D
R-HSA-68882,Mitotic Anaphase,0.15400431344429888,2,236,1,32,MjAyNjA5MTMxMzA4MzVfMjMxMjY%3D
R-HSA-2555396,Mitotic Metaphase and Anaphase,0.15503361177115338,2,237,1,33,MjAyNjA5MTMxMzA4MzVfMjMxMjY%3D
R-HSA-68949,Orc1 removal from chromatin,0.1626790472368701,1,60,1,4,MjAyNjA5MTMxMzA4MzVfMjMxMjY%3D
R-HSA-1221632,Meiotic synapsis,0.16515777777747576,1,61,1,6,MjAyNjA5MTMxMzA4MzVfMjMxMjY%3D
R-HSA-5250924,B-WICH complex positively regulates rRNA expression,0.16515777777747576,1,61,3,3,MjAyNjA5MTMxMzA4MzVfMjMxMjY%3D
R-HSA-73772,RNA Polymerase I Promoter Escape,0.16762932293231547,1,62,1,2,MjAyNjA5MTMxMzA4MzVfMjMxMjY%3D
R-HSA-72312,rRNA processing,0.1706304113033854,2,252,6,22,MjAyNjA5MTMxMzA4MzVfMjMxMjY%3D
R-HSA-193648,NRAGE signals death through JNK,0.17255093857693204,1,64,1,7,MjAyNjA5MTMxMzA4MzVfMjMxMjY%3D
R-HSA-3247509,Chromatin modifying enzymes,0.17273063749595852,2,254,2,85,MjAyNjA5MTMxMzA4MzVfMjMxMjY%3D
R-HSA-6791312,TP53 Regulates Transcription of Cell Cycle Genes,0.17500104967148944,1,65,1,42,MjAyNjA5MTMxMzA4MzVfMjMxMjY%3D
R-HSA-9692916,SARS-CoV-1 activates/modulates innate immune responses,0.1774440565901667,1,66,2,32,MjAyNjA5MTMxMzA4MzVfMjMxMjY%3D
R-HSA-2022090,Assembly of collagen fibrils and other multimeric structures,0.17987997949471324,1,67,1,26,MjAyNjA5MTMxMzA4MzVfMjMxMjY%3D
R-HSA-180786,Extension of Telomeres,0.17987997949471324,1,67,2,28,MjAyNjA5MTMxMzA4MzVfMjMxMjY%3D
R-HSA-5693565,Recruitment and ATM-mediated phosphorylation of repair and signaling proteins at DNA double strand breaks,0.1823088384909175,1,68,1,41,MjAyNjA5MTMxMzA4MzVfMjMxMjY%3D
R-HSA-983189,Kinesins,0.1823088384909175,1,68,3,14,MjAyNjA5MTMxMzA4MzVfMjMxMjY%3D
R-HSA-201722,Formation of the beta-catenin:TCF transactivating complex,0.1823088384909175,1,68,1,13,MjAyNjA5MTMxMzA4MzVfMjMxMjY%3D
R-HSA-1268020,Mitochondrial protein import,0.18714544490241203,1,70,1,14,MjAyNjA5MTMxMzA4MzVfMjMxMjY%3D
R-HSA-373755,Semaphorin interactions,0.18955323225074128,1,71,2,41,MjAyNjA5MTMxMzA4MzVfMjMxMjY%3D
R-HSA-9006927,Signaling by Non-Receptor Tyrosine Kinases,0.18955323225074128,1,71,6,53,MjAyNjA5MTMxMzA4MzVfMjMxMjY%3D
R-HSA-8848021,Signaling by PTK6,0.18955323225074128,1,71,6,53,MjAyNjA5MTMxMzA4MzVfMjMxMjY%3D
R-HSA-6802952,Signaling by BRAF and RAF1 fusions,0.1943478746495988,1,73,5,5,MjAyNjA5MTMxMzA4MzVfMjMxMjY%3D
R-HSA-5688426,Deubiquitination,0.19502970725291524,2,275,2,77,MjAyNjA5MTMxMzA4MzVfMjMxMjY%3D
R-HSA-167172,Transcription of the HIV genome,0.20385398352008643,1,77,15,47,MjAyNjA5MTMxMzA4MzVfMjMxMjY%3D
R-HSA-204005,COPII-mediated vesicle transport,0.20621329704348124,1,78,1,16,MjAyNjA5MTMxMzA4MzVfMjMxMjY%3D
R-HSA-9943965,"CHD3, CHD4, CHD5 subfamily",0.20621329704348124,1,78,2,25,MjAyNjA5MTMxMzA4MzVfMjMxMjY%3D
R-HSA-9013106,RHOC GTPase cycle,0.20856576417066985,1,79,1,6,MjAyNjA5MTMxMzA4MzVfMjMxMjY%3D
R-HSA-499943,Interconversion of nucleotide di- and triphosphates,0.21091140434742872,1,80,1,34,MjAyNjA5MTMxMzA4MzVfMjMxMjY%3D
R-HSA-199992,trans-Golgi Network Vesicle Budding,0.21091140434742872,1,80,3,19,MjAyNjA5MTMxMzA4MzVfMjMxMjY%3D
R-HSA-69052,Switching of origins to a post-replicative state,0.21325023696549994,1,81,2,10,MjAyNjA5MTMxMzA4MzVfMjMxMjY%3D
R-HSA-204998,"Cell death signalling via NRAGE, NRIF and NADE",0.21325023696549994,1,81,1,17,MjAyNjA5MTMxMzA4MzVfMjMxMjY%3D
R-HSA-1445148,Translocation of SLC2A4 (GLUT4) to the plasma membrane,0.21325023696549994,1,81,1,15,MjAyNjA5MTMxMzA4MzVfMjMxMjY%3D
R-HSA-76002,"Platelet activation, signaling and aggregation",0.21551766741282619,2,294,2,119,MjAyNjA5MTMxMzA4MzVfMjMxMjY%3D
R-HSA-1226099,Signaling by FGFR in disease,0.2155822813627254,1,82,9,99,MjAyNjA5MTMxMzA4MzVfMjMxMjY%3D
R-HSA-597592,Post-translational protein modification,0.22195778973828317,7,1676,8,605,MjAyNjA5MTMxMzA4MzVfMjMxMjY%3D
R-HSA-416482,G alpha (12/13) signalling events,0.22484296162235484,1,86,1,15,MjAyNjA5MTMxMzA4MzVfMjMxMjY%3D
R-HSA-6796648,TP53 Regulates Transcription of DNA Repair Genes,0.22484296162235484,1,86,3,17,MjAyNjA5MTMxMzA4MzVfMjMxMjY%3D
R-HSA-73864,RNA Polymerase I Transcription,0.22714135310729366,1,87,1,14,MjAyNjA5MTMxMzA4MzVfMjMxMjY%3D
R-HSA-9833482,PKR-mediated signaling,0.22943307127503243,1,88,2,40,MjAyNjA5MTMxMzA4MzVfMjMxMjY%3D
R-HSA-5654738,Signaling by FGFR2,0.22943307127503243,1,88,3,46,MjAyNjA5MTMxMzA4MzVfMjMxMjY%3D
R-HSA-5687128,MAPK6/MAPK4 signaling,0.2407922242782743,1,93,2,40,MjAyNjA5MTMxMzA4MzVfMjMxMjY%3D
R-HSA-6802957,Oncogenic MAPK signaling,0.2407922242782743,1,93,5,46,MjAyNjA5MTMxMzA4MzVfMjMxMjY%3D
R-HSA-1500620,Meiosis,0.2407922242782743,1,93,1,16,MjAyNjA5MTMxMzA4MzVfMjMxMjY%3D
R-HSA-381038,XBP1(S) activates chaperone genes,0.245289831978048,1,95,1,47,MjAyNjA5MTMxMzA4MzVfMjMxMjY%3D
R-HSA-6807505,RNA polymerase II transcribes snRNA genes,0.245289831978048,1,95,6,11,MjAyNjA5MTMxMzA4MzVfMjMxMjY%3D
R-HSA-6804756,Regulation of TP53 Activity through Phosphorylation,0.24752884192687663,1,96,2,26,MjAyNjA5MTMxMzA4MzVfMjMxMjY%3D
R-HSA-390466,Chaperonin-mediated protein folding,0.24752884192687663,1,96,1,19,MjAyNjA5MTMxMzA4MzVfMjMxMjY%3D
R-HSA-9663891,Selective autophagy,0.24976134735476896,1,97,1,56,MjAyNjA5MTMxMzA4MzVfMjMxMjY%3D
R-HSA-9645723,Diseases of programmed cell death,0.24976134735476896,1,97,1,37,MjAyNjA5MTMxMzA4MzVfMjMxMjY%3D
R-HSA-1236974,ER-Phagosome pathway,0.25198736675703126,1,98,2,11,MjAyNjA5MTMxMzA4MzVfMjMxMjY%3D
R-HSA-381070,IRE1alpha activates chaperones,0.25862669299211216,1,101,1,53,MjAyNjA5MTMxMzA4MzVfMjMxMjY%3D
R-HSA-391251,Protein folding,0.2608269522179457,1,102,1,28,MjAyNjA5MTMxMzA4MzVfMjMxMjY%3D
R-HSA-9979719,Processing of antigen in germinal center B cells,0.2608269522179457,1,102,1,4,MjAyNjA5MTMxMzA4MzVfMjMxMjY%3D
R-HSA-68867,Assembly of the pre-replicative complex,0.2630208171256977,1,103,6,23,MjAyNjA5MTMxMzA4MzVfMjMxMjY%3D
R-HSA-1474290,Collagen formation,0.2652083059040514,1,104,1,77,MjAyNjA5MTMxMzA4MzVfMjMxMjY%3D
R-HSA-168928,DDX58/IFIH1-mediated induction of interferon-alpha/beta,0.2673894366910903,1,105,2,53,MjAyNjA5MTMxMzA4MzVfMjMxMjY%3D
R-HSA-6811434,COPI-dependent Golgi-to-ER retrograde traffic,0.2717326965912492,1,107,2,11,MjAyNjA5MTMxMzA4MzVfMjMxMjY%3D
R-HSA-157579,Telomere Maintenance,0.2738948617286838,1,108,2,34,MjAyNjA5MTMxMzA4MzVfMjMxMjY%3D
R-HSA-8957275,Post-translational protein phosphorylation,0.2760507409236832,1,109,1,1,MjAyNjA5MTMxMzA4MzVfMjMxMjY%3D
R-HSA-190236,Signaling by FGFR,0.2760507409236832,1,109,3,142,MjAyNjA5MTMxMzA4MzVfMjMxMjY%3D
R-HSA-193704,p75 NTR receptor-mediated signalling,0.2782003520633074,1,110,1,50,MjAyNjA5MTMxMzA4MzVfMjMxMjY%3D
R-HSA-5693606,DNA Double Strand Break Response,0.28673647206906194,1,114,1,53,MjAyNjA5MTMxMzA4MzVfMjMxMjY%3D
R-HSA-9725370,Signaling by ALK fusions and activated point mutants,0.2972677166498543,1,119,32,63,MjAyNjA5MTMxMzA4MzVfMjMxMjY%3D
R-HSA-9700206,Signaling by ALK in cancer,0.2972677166498543,1,119,33,71,MjAyNjA5MTMxMzA4MzVfMjMxMjY%3D
R-HSA-69239,Synthesis of DNA,0.2972677166498543,1,119,4,27,MjAyNjA5MTMxMzA4MzVfMjMxMjY%3D
R-HSA-1236975,Antigen processing-Cross presentation,0.2993556201354184,1,120,2,25,MjAyNjA5MTMxMzA4MzVfMjMxMjY%3D
R-HSA-1280218,Adaptive Immune System,0.30105694500596325,5,1237,5,361,MjAyNjA5MTMxMzA4MzVfMjMxMjY%3D
R-HSA-69002,DNA Replication Pre-Initiation,0.3014374490663292,1,121,14,32,MjAyNjA5MTMxMzA4MzVfMjMxMjY%3D
R-HSA-381426,Regulation of Insulin-like Growth Factor (IGF) transport and uptake by Insulin-like Growth Factor Binding Proteins (IGFBPs),0.31380182234709864,1,127,1,14,MjAyNjA5MTMxMzA4MzVfMjMxMjY%3D
R-HSA-199991,Membrane Trafficking,0.316649890708689,3,669,7,219,MjAyNjA5MTMxMzA4MzVfMjMxMjY%3D
R-HSA-2132295,MHC class II antigen presentation,0.33393454165330494,1,137,1,26,MjAyNjA5MTMxMzA4MzVfMjMxMjY%3D
R-HSA-69206,G1/S Transition,0.3398607544319774,1,140,8,61,MjAyNjA5MTMxMzA4MzVfMjMxMjY%3D
R-HSA-69481,G2/M Checkpoints,0.3437828475549374,1,142,2,24,MjAyNjA5MTMxMzA4MzVfMjMxMjY%3D
R-HSA-114608,Platelet degranulation ,0.3437828475549374,1,142,1,11,MjAyNjA5MTMxMzA4MzVfMjMxMjY%3D
R-HSA-1474165,Reproduction,0.3515587045487,1,146,1,44,MjAyNjA5MTMxMzA4MzVfMjMxMjY%3D
R-HSA-8856688,Golgi-to-ER retrograde transport,0.35541272761982434,1,148,2,18,MjAyNjA5MTMxMzA4MzVfMjMxMjY%3D
R-HSA-381119,Unfolded Protein Response (UPR),0.3706057741627339,1,156,1,99,MjAyNjA5MTMxMzA4MzVfMjMxMjY%3D
R-HSA-1632852,Macroautophagy,0.3743489080455856,1,158,1,96,MjAyNjA5MTMxMzA4MzVfMjMxMjY%3D
R-HSA-73857,RNA Polymerase II Transcription,0.3757577521464771,6,1678,38,939,MjAyNjA5MTMxMzA4MzVfMjMxMjY%3D
R-HSA-9705671,SARS-CoV-2 activates/modulates innate and adaptive immune responses,0.3762122921669123,1,159,2,48,MjAyNjA5MTMxMzA4MzVfMjMxMjY%3D
R-HSA-162599,Late Phase of HIV Life Cycle,0.37992277255188844,1,161,15,78,MjAyNjA5MTMxMzA4MzVfMjMxMjY%3D
R-HSA-453279,Mitotic G1 phase and G1/S transition,0.3854480055315732,1,164,8,101,MjAyNjA5MTMxMzA4MzVfMjMxMjY%3D
R-HSA-199977,ER to Golgi Anterograde Transport,0.38727901474233906,1,165,1,39,MjAyNjA5MTMxMzA4MzVfMjMxMjY%3D
R-HSA-69242,S Phase,0.38910468192693504,1,166,4,55,MjAyNjA5MTMxMzA4MzVfMjMxMjY%3D
R-HSA-9856651,MITF-M-dependent gene expression,0.3927400511944823,1,168,1,113,MjAyNjA5MTMxMzA4MzVfMjMxMjY%3D
R-HSA-9609507,Protein localization,0.39815341988859454,1,171,1,53,MjAyNjA5MTMxMzA4MzVfMjMxMjY%3D
R-HSA-69306,DNA Replication,0.39815341988859454,1,171,18,73,MjAyNjA5MTMxMzA4MzVfMjMxMjY%3D
R-HSA-73887,Death Receptor Signaling,0.3999473537808482,1,172,1,119,MjAyNjA5MTMxMzA4MzVfMjMxMjY%3D
R-HSA-9612973,Autophagy,0.4035195281253028,1,174,1,117,MjAyNjA5MTMxMzA4MzVfMjMxMjY%3D
R-HSA-5633007,Regulation of TP53 Activity,0.41235911408474246,1,179,2,97,MjAyNjA5MTMxMzA4MzVfMjMxMjY%3D
R-HSA-3108232,SUMO E3 ligases SUMOylate target proteins,0.4210703906330304,1,184,2,132,MjAyNjA5MTMxMzA4MzVfMjMxMjY%3D
R-HSA-3700989,Transcriptional Regulation by TP53,0.42363378241432403,2,487,6,258,MjAyNjA5MTMxMzA4MzVfMjMxMjY%3D
R-HSA-392499,Metabolism of proteins,0.4281769147423664,8,2427,9,928,MjAyNjA5MTMxMzA4MzVfMjMxMjY%3D
R-HSA-2990846,SUMOylation,0.43643315276591144,1,193,2,141,MjAyNjA5MTMxMzA4MzVfMjMxMjY%3D
R-HSA-983231,Factors involved in megakaryocyte development and platelet production,0.4381152836966522,1,194,3,43,MjAyNjA5MTMxMzA4MzVfMjMxMjY%3D
R-HSA-109582,Hemostasis,0.43964854727362757,3,821,5,366,MjAyNjA5MTMxMzA4MzVfMjMxMjY%3D
R-HSA-5653656,Vesicle-mediated transport,0.4491081553435896,3,833,7,254,MjAyNjA5MTMxMzA4MzVfMjMxMjY%3D
R-HSA-201681,TCF dependent signaling in response to WNT,0.45466849221689043,1,204,1,71,MjAyNjA5MTMxMzA4MzVfMjMxMjY%3D
R-HSA-5693532,DNA Double-Strand Break Repair,0.4643702031405931,1,210,1,124,MjAyNjA5MTMxMzA4MzVfMjMxMjY%3D
R-HSA-6811442,Intra-Golgi and retrograde Golgi-to-ER traffic,0.47860667580920135,1,219,2,48,MjAyNjA5MTMxMzA4MzVfMjMxMjY%3D
R-HSA-948021,Transport to the Golgi and subsequent modification,0.48016544762575875,1,220,1,60,MjAyNjA5MTMxMzA4MzVfMjMxMjY%3D
R-HSA-376176,Signaling by ROBO receptors,0.48326931429983466,1,222,1,60,MjAyNjA5MTMxMzA4MzVfMjMxMjY%3D
R-HSA-9730414,MITF-M-regulated melanocyte development,0.5000189399784378,1,233,1,150,MjAyNjA5MTMxMzA4MzVfMjMxMjY%3D
R-HSA-422475,Axon guidance,0.5016786679907237,2,566,3,295,MjAyNjA5MTMxMzA4MzVfMjMxMjY%3D
R-HSA-9705683,SARS-CoV-2-host interactions,0.5205694381217911,1,247,2,68,MjAyNjA5MTMxMzA4MzVfMjMxMjY%3D
R-HSA-15869,Metabolism of nucleotides,0.5347396254516286,1,257,1,143,MjAyNjA5MTMxMzA4MzVfMjMxMjY%3D
R-HSA-9675108,Nervous system development,0.5359358959510558,2,603,3,322,MjAyNjA5MTMxMzA4MzVfMjMxMjY%3D
R-HSA-69620,Cell Cycle Checkpoints,0.5631752218954501,1,278,2,63,MjAyNjA5MTMxMzA4MzVfMjMxMjY%3D
R-HSA-1169410,Antimicrobial mechanism of IFN-stimulated genes,0.5709822318628741,1,284,2,103,MjAyNjA5MTMxMzA4MzVfMjMxMjY%3D
R-HSA-2262752,Cellular responses to stress,0.59979952175335,3,1039,2,521,MjAyNjA5MTMxMzA4MzVfMjMxMjY%3D
R-HSA-195721,Signaling by WNT,0.615034800677281,1,320,1,157,MjAyNjA5MTMxMzA4MzVfMjMxMjY%3D
R-HSA-446728,Cell junction organization,0.6230708084053304,1,327,6,185,MjAyNjA5MTMxMzA4MzVfMjMxMjY%3D
R-HSA-1474244,Extracellular matrix organization,0.649395381569741,1,351,1,330,MjAyNjA5MTMxMzA4MzVfMjMxMjY%3D
R-HSA-1500931,Cell-Cell communication,0.6639108753914107,1,365,6,208,MjAyNjA5MTMxMzA4MzVfMjMxMjY%3D
R-HSA-5683057,MAPK family signaling cascades,0.6659358837451982,1,367,2,122,MjAyNjA5MTMxMzA4MzVfMjMxMjY%3D
R-HSA-9694516,SARS-CoV-2 Infection,0.6659358837451982,1,367,2,211,MjAyNjA5MTMxMzA4MzVfMjMxMjY%3D
R-HSA-8953897,Cellular responses to stimuli,0.6788434227562761,3,1166,2,613,MjAyNjA5MTMxMzA4MzVfMjMxMjY%3D
R-HSA-168256,Immune System,0.6954009275952782,8,3033,11,1895,MjAyNjA5MTMxMzA4MzVfMjMxMjY%3D
R-HSA-983169,Class I MHC mediated antigen processing & presentation,0.7004082383315013,1,403,2,52,MjAyNjA5MTMxMzA4MzVfMjMxMjY%3D
R-HSA-162582,Signal Transduction,0.7040194662167055,8,3056,44,2589,MjAyNjA5MTMxMzA4MzVfMjMxMjY%3D
R-HSA-73894,DNA Repair,0.7102285007037549,1,414,1,350,MjAyNjA5MTMxMzA4MzVfMjMxMjY%3D
R-HSA-446203,Asparagine N-linked glycosylation,0.7305732762214119,1,438,1,146,MjAyNjA5MTMxMzA4MzVfMjMxMjY%3D
R-HSA-6798695,Neutrophil degranulation,0.7614155006062979,1,478,1,10,MjAyNjA5MTMxMzA4MzVfMjMxMjY%3D
R-HSA-913531,Interferon Signaling,0.7815864602041436,1,507,2,157,MjAyNjA5MTMxMzA4MzVfMjMxMjY%3D
R-HSA-9006934,Signaling by Receptor Tyrosine Kinases,0.8519389040950047,1,634,3,759,MjAyNjA5MTMxMzA4MzVfMjMxMjY%3D
R-HSA-212436,Generic Transcription Pathway,0.8561695772552501,3,1574,21,879,MjAyNjA5MTMxMzA4MzVfMjMxMjY%3D
R-HSA-449147,Signaling by Interleukins,0.8573023669901958,1,646,1,505,MjAyNjA5MTMxMzA4MzVfMjMxMjY%3D
R-HSA-1280215,Cytokine Signaling in Immune system,0.8763799671261373,2,1193,3,823,MjAyNjA5MTMxMzA4MzVfMjMxMjY%3D
R-HSA-388396,GPCR downstream signalling,0.9099638531788504,1,795,1,175,MjAyNjA5MTMxMzA4MzVfMjMxMjY%3D
R-HSA-168249,Innate Immune System,0.9243217339682736,2,1387,3,782,MjAyNjA5MTMxMzA4MzVfMjMxMjY%3D
R-HSA-372790,Signaling by GPCR,0.930470393745358,1,878,1,394,MjAyNjA5MTMxMzA4MzVfMjMxMjY%3D
R-HSA-382551,Transport of small molecules,0.9524180866090638,1,999,1,463,MjAyNjA5MTMxMzA4MzVfMjMxMjY%3D
R-HSA-1266738,Developmental Biology,0.9526965011484583,3,2061,4,996,MjAyNjA5MTMxMzA4MzVfMjMxMjY%3D
R-HSA-1430728,Metabolism,0.9999969845965163,1,3781,1,2380,MjAyNjA5MTMxMzA4MzVfMjMxMjY%3D
